{
  "Li": {
    "spin": 1,
    "e_ref": -7.432377,
    "HOMO": [
      -0.19619359,
      -2.08098387
    ]
  },
  "Be": {
    "spin": 0,
    "e_ref": -14.572433,
    "HOMO": -0.30922776
  },
  "B": {
    "spin": 1,
    "e_ref": -24.527748,
    "HOMO": [
      -0.30590507,
      -0.52474087
    ]
  },
  "F": {
    "spin": 1,
    "e_ref": -99.407743,
    "HOMO": [
      -0.72975389,
      -0.72975389
    ]
  },
  "Ne": {
    "spin": 0,
    "e_ref": -128.545415,
    "HOMO": -0.85045797
  },
  "Na": {
    "spin": 1,
    "e_ref": -161.8563,
    "HOMO": [
      -0.18183886,
      -1.20234997
    ]
  },
  "Mg": {
    "spin": 0,
    "e_ref": -199.61158,
    "HOMO": -0.25302298
  },
  "Al": {
    "spin": 1,
    "e_ref": -241.873208,
    "HOMO": [
      -0.20916896,
      -0.38912483
    ]
  },
  "Cl": {
    "spin": 1,
    "e_ref": -459.477081,
    "HOMO": [
      -0.5057195,
      -0.5057195
    ]
  },
  "Ar": {
    "spin": 0,
    "e_ref": -526.812217,
    "HOMO": -0.59040454
  }
}
