{
  "Li": {
    "spin": 1,
    "e_ref": -7.4325,
    "HOMO": [
      -0.1963,
      -2.46885
    ]
  },
  "Be": {
    "spin": 0,
    "e_ref": -14.57243,
    "HOMO": -0.30925
  },
  "B": {
    "spin": 1,
    "e_ref": -24.52834,
    "HOMO": [
      -0.3097,
      -0.44545
    ]
  },
  "C": {
    "spin": 2,
    "e_ref": -37.68891,
    "HOMO": [
      -0.43525,
      -0.58225
    ]
  },
  "N": {
    "spin": 3,
    "e_ref": -54.4034,
    "HOMO": [
      -0.57115,
      -0.72575
    ]
  },
  "O": {
    "spin": 2,
    "e_ref": -74.81208,
    "HOMO": [
      -0.67895,
      -0.50765
    ]
  },
  "F": {
    "spin": 1,
    "e_ref": -99.40922,
    "HOMO": [
      -0.77005,
      -0.67345
    ]
  },
  "Ne": {
    "spin": 0,
    "e_ref": -128.5454,
    "HOMO": -0.8507
  },
  "Na": {
    "spin": 1,
    "e_ref": -161.8566,
    "HOMO": [
      -0.1821,
      -1.5177
    ]
  },
  "Mg": {
    "spin": 0,
    "e_ref": -199.6116,
    "HOMO": -0.253
  },
  "Al": {
    "spin": 1,
    "e_ref": -241.8733,
    "HOMO": [
      -0.20945,
      -0.3633
    ]
  },
  "Si": {
    "spin": 2,
    "e_ref": -288.8507,
    "HOMO": [
      -0.29665,
      -0.46185
    ]
  },
  "P": {
    "spin": 3,
    "e_ref": -340.715,
    "HOMO": [
      -0.39155,
      -0.5562
    ]
  },
  "S": {
    "spin": 2,
    "e_ref": -397.5016,
    "HOMO": [
      -0.46335,
      -0.36365
    ]
  },
  "Cl": {
    "spin": 1,
    "e_ref": -459.4776,
    "HOMO": [
      -0.52885,
      -0.473
    ]
  },
  "Ar": {
    "spin": 0,
    "e_ref": -526.8122,
    "HOMO": -0.5908
  }
}
